Model,Chunk,ChunkIndex,Category,Sub-Criterion,Score (1–5),Comment
gpt-4.1,Pages 1–3,0,Scope,Objectives,5,Objectives are clearly stated both in abstract and introduction with measurable goals; the topic is highly relevant to current AI applications in industry; audience targeting is clear for an academic and interdisciplinary readership.
gpt-4.1,Pages 1–3,0,Scope,Relevance,5,Objectives are clearly stated both in abstract and introduction with measurable goals; the topic is highly relevant to current AI applications in industry; audience targeting is clear for an academic and interdisciplinary readership.
gpt-4.1,Pages 1–3,0,Scope,Audience,5,Objectives are clearly stated both in abstract and introduction with measurable goals; the topic is highly relevant to current AI applications in industry; audience targeting is clear for an academic and interdisciplinary readership.
gpt-4.1,Pages 1–3,0,Literature,Comprehensiveness,5,"The survey references a broad range of foundational and recent works across AI, CPS, digital twins, and ethical governance, citing appropriately with over 30 references; balanced presentation acknowledging strengths, weaknesses, and research gaps; recent references dominate although some citations could be more precisely dated."
gpt-4.1,Pages 1–3,0,Literature,Balance,5,"The survey references a broad range of foundational and recent works across AI, CPS, digital twins, and ethical governance, citing appropriately with over 30 references; balanced presentation acknowledging strengths, weaknesses, and research gaps; recent references dominate although some citations could be more precisely dated."
gpt-4.1,Pages 1–3,0,Literature,Currency,4,"The survey references a broad range of foundational and recent works across AI, CPS, digital twins, and ethical governance, citing appropriately with over 30 references; balanced presentation acknowledging strengths, weaknesses, and research gaps; recent references dominate although some citations could be more precisely dated."
gpt-4.1,Pages 1–3,0,Analysis,Depth,5,"The analysis is layered, discussing AI model integration, human-centric frameworks, and ethical challenges providing theoretical and applied insights; multidisciplinary integration is strong though some sections could link topics more seamlessly; gaps and future research directions are clearly identified and discussed."
gpt-4.1,Pages 1–3,0,Analysis,Integration,4,"The analysis is layered, discussing AI model integration, human-centric frameworks, and ethical challenges providing theoretical and applied insights; multidisciplinary integration is strong though some sections could link topics more seamlessly; gaps and future research directions are clearly identified and discussed."
gpt-4.1,Pages 1–3,0,Analysis,Gaps,5,"The analysis is layered, discussing AI model integration, human-centric frameworks, and ethical challenges providing theoretical and applied insights; multidisciplinary integration is strong though some sections could link topics more seamlessly; gaps and future research directions are clearly identified and discussed."
gpt-4.1,Pages 1–3,0,Originality,Novelty,5,"The framework proposes integration of generative models, CPS, and ethical governance in a human-centric Industry 5.0 context, representing a novel synthesis and perspective; strong forward-looking research agenda; some overlap with known ideas but mostly presented in a unique integrated framework."
gpt-4.1,Pages 1–3,0,Originality,Advancement,5,"The framework proposes integration of generative models, CPS, and ethical governance in a human-centric Industry 5.0 context, representing a novel synthesis and perspective; strong forward-looking research agenda; some overlap with known ideas but mostly presented in a unique integrated framework."
gpt-4.1,Pages 1–3,0,Originality,Redundancy Avoidance,4,"The framework proposes integration of generative models, CPS, and ethical governance in a human-centric Industry 5.0 context, representing a novel synthesis and perspective; strong forward-looking research agenda; some overlap with known ideas but mostly presented in a unique integrated framework."
gpt-4.1,Pages 1–3,0,Organization,Logical Flow,4,Overall well structured with logical flow and clear section headings; minor opportunities to improve transitions between some subtopics; summarization is present but could be enhanced with more graphical summaries or tables.
gpt-4.1,Pages 1–3,0,Organization,Section Clarity,4,Overall well structured with logical flow and clear section headings; minor opportunities to improve transitions between some subtopics; summarization is present but could be enhanced with more graphical summaries or tables.
gpt-4.1,Pages 1–3,0,Organization,Summarization,3,Overall well structured with logical flow and clear section headings; minor opportunities to improve transitions between some subtopics; summarization is present but could be enhanced with more graphical summaries or tables.
gpt-4.1,Pages 1–3,0,Presentation,Language,5,Academic and professional tone with clear language throughout; visuals were not present in the extracted text so cannot be fully evaluated; formatting is clean and consistent.
gpt-4.1,Pages 1–3,0,Presentation,Visuals,1,Academic and professional tone with clear language throughout; visuals were not present in the extracted text so cannot be fully evaluated; formatting is clean and consistent.
gpt-4.1,Pages 1–3,0,Presentation,Formatting,5,Academic and professional tone with clear language throughout; visuals were not present in the extracted text so cannot be fully evaluated; formatting is clean and consistent.
gpt-4.1,Pages 1–3,0,References,Accuracy,5,References appear accurate and relevant with a good mix of foundational and recent work; minor formatting or hyperlink details not evaluated here.
gpt-4.1,Pages 1–3,0,References,Appropriateness,5,References appear accurate and relevant with a good mix of foundational and recent work; minor formatting or hyperlink details not evaluated here.
gemini-2.5,Pages 1–3,0,Scope,Objectives,5,
gemini-2.5,Pages 1–3,0,Scope,Relevance,5,
gemini-2.5,Pages 1–3,0,Scope,Audience,5,
gemini-2.5,Pages 1–3,0,Literature,Comprehensiveness,4,"While coverage is broad and includes recent advances, citation count and range cannot be fully confirmed, but references seem adequately diverse."
gemini-2.5,Pages 1–3,0,Literature,Balance,5,"While coverage is broad and includes recent advances, citation count and range cannot be fully confirmed, but references seem adequately diverse."
gemini-2.5,Pages 1–3,0,Literature,Currency,5,"While coverage is broad and includes recent advances, citation count and range cannot be fully confirmed, but references seem adequately diverse."
gemini-2.5,Pages 1–3,0,Analysis,Depth,4,The paper provides insightful layered analysis but may lack some deepest theoretical critique expected at highest tier.
gemini-2.5,Pages 1–3,0,Analysis,Integration,5,The paper provides insightful layered analysis but may lack some deepest theoretical critique expected at highest tier.
gemini-2.5,Pages 1–3,0,Analysis,Gaps,5,The paper provides insightful layered analysis but may lack some deepest theoretical critique expected at highest tier.
gemini-2.5,Pages 1–3,0,Originality,Novelty,5,"The framework combining generative AI, CPS, and ethical governance in Industry 5.0 is novel; advancement and redundancy avoidance are strong."
gemini-2.5,Pages 1–3,0,Originality,Advancement,5,"The framework combining generative AI, CPS, and ethical governance in Industry 5.0 is novel; advancement and redundancy avoidance are strong."
gemini-2.5,Pages 1–3,0,Originality,Redundancy Avoidance,5,"The framework combining generative AI, CPS, and ethical governance in Industry 5.0 is novel; advancement and redundancy avoidance are strong."
gemini-2.5,Pages 1–3,0,Organization,Logical Flow,4,"Some sections are dense with technical content which might slightly affect clarity, but overall organization is logical and clear."
gemini-2.5,Pages 1–3,0,Organization,Section Clarity,4,"Some sections are dense with technical content which might slightly affect clarity, but overall organization is logical and clear."
gemini-2.5,Pages 1–3,0,Organization,Summarization,3,"Some sections are dense with technical content which might slightly affect clarity, but overall organization is logical and clear."
gemini-2.5,Pages 1–3,0,Presentation,Language,5,"The language is professional and academic, but the excerpt does not include visuals, so visuals score lower by default; formatting appears consistent."
gemini-2.5,Pages 1–3,0,Presentation,Visuals,2,"The language is professional and academic, but the excerpt does not include visuals, so visuals score lower by default; formatting appears consistent."
gemini-2.5,Pages 1–3,0,Presentation,Formatting,4,"The language is professional and academic, but the excerpt does not include visuals, so visuals score lower by default; formatting appears consistent."
gemini-2.5,Pages 1–3,0,References,Accuracy,4,References seem accurate and appropriate but limited information prevents full verification; formatting minor issues possible.
gemini-2.5,Pages 1–3,0,References,Appropriateness,5,References seem accurate and appropriate but limited information prevents full verification; formatting minor issues possible.
claude-3.7,Pages 1–3,0,Scope,Objectives,5,
claude-3.7,Pages 1–3,0,Scope,Relevance,5,
claude-3.7,Pages 1–3,0,Scope,Audience,5,
claude-3.7,Pages 1–3,0,Literature,Comprehensiveness,4,"While the survey cites numerous references and covers diverse subfields, exact citation count is unclear but appears substantial. Some citations are marked with question marks indicating incompleteness or placeholders, slightly lowering confidence in comprehensiveness and currency."
claude-3.7,Pages 1–3,0,Literature,Balance,4,"While the survey cites numerous references and covers diverse subfields, exact citation count is unclear but appears substantial. Some citations are marked with question marks indicating incompleteness or placeholders, slightly lowering confidence in comprehensiveness and currency."
claude-3.7,Pages 1–3,0,Literature,Currency,4,"While the survey cites numerous references and covers diverse subfields, exact citation count is unclear but appears substantial. Some citations are marked with question marks indicating incompleteness or placeholders, slightly lowering confidence in comprehensiveness and currency."
claude-3.7,Pages 1–3,0,Analysis,Depth,4,"The survey provides solid analysis and synthesis across AI methods and manufacturing paradigms, but some parts remain descriptive without very deep theoretical critique. Integration is good but somewhat segmented by topic subsections. Gaps and future directions are clearly identified."
claude-3.7,Pages 1–3,0,Analysis,Integration,4,"The survey provides solid analysis and synthesis across AI methods and manufacturing paradigms, but some parts remain descriptive without very deep theoretical critique. Integration is good but somewhat segmented by topic subsections. Gaps and future directions are clearly identified."
claude-3.7,Pages 1–3,0,Analysis,Gaps,5,"The survey provides solid analysis and synthesis across AI methods and manufacturing paradigms, but some parts remain descriptive without very deep theoretical critique. Integration is good but somewhat segmented by topic subsections. Gaps and future directions are clearly identified."
claude-3.7,Pages 1–3,0,Originality,Novelty,4,"The survey introduces a unified framework for AI, generative models, CPS, and ethical governance in Industry 5.0, combining known elements with novel synthesis. It moderately advances understanding but does not propose a completely new taxonomy or method."
claude-3.7,Pages 1–3,0,Originality,Advancement,4,"The survey introduces a unified framework for AI, generative models, CPS, and ethical governance in Industry 5.0, combining known elements with novel synthesis. It moderately advances understanding but does not propose a completely new taxonomy or method."
claude-3.7,Pages 1–3,0,Originality,Redundancy Avoidance,4,"The survey introduces a unified framework for AI, generative models, CPS, and ethical governance in Industry 5.0, combining known elements with novel synthesis. It moderately advances understanding but does not propose a completely new taxonomy or method."
claude-3.7,Pages 1–3,0,Organization,Logical Flow,4,"The overall logical flow is good, with well-structured sections and clear headings. Summarization and transitions exist but could be enhanced with more explicit synthesis tables or figures within the pages covered."
claude-3.7,Pages 1–3,0,Organization,Section Clarity,4,"The overall logical flow is good, with well-structured sections and clear headings. Summarization and transitions exist but could be enhanced with more explicit synthesis tables or figures within the pages covered."
claude-3.7,Pages 1–3,0,Organization,Summarization,3,"The overall logical flow is good, with well-structured sections and clear headings. Summarization and transitions exist but could be enhanced with more explicit synthesis tables or figures within the pages covered."
claude-3.7,Pages 1–3,0,Presentation,Language,4,"Language is professional and clear with only minor issues. Visuals are absent in this portion of the paper, reducing impact. Formatting is consistent and clean."
claude-3.7,Pages 1–3,0,Presentation,Visuals,2,"Language is professional and clear with only minor issues. Visuals are absent in this portion of the paper, reducing impact. Formatting is consistent and clean."
claude-3.7,Pages 1–3,0,Presentation,Formatting,5,"Language is professional and clear with only minor issues. Visuals are absent in this portion of the paper, reducing impact. Formatting is consistent and clean."
claude-3.7,Pages 1–3,0,References,Accuracy,3,Some citations contain question marks and inconsistent formatting indicating minor accuracy issues. References appear largely appropriate and relevant but some placeholders suggest incomplete finalization.
claude-3.7,Pages 1–3,0,References,Appropriateness,4,Some citations contain question marks and inconsistent formatting indicating minor accuracy issues. References appear largely appropriate and relevant but some placeholders suggest incomplete finalization.
gpt-4.1,Pages 4–6,3,Scope,Objectives,3,"Objectives are somewhat implicit within sections without a dedicated statement; audience targeting is clear, and the topic is highly relevant to current Industry 5.0 and AI manufacturing trends."
gpt-4.1,Pages 4–6,3,Scope,Relevance,5,"Objectives are somewhat implicit within sections without a dedicated statement; audience targeting is clear, and the topic is highly relevant to current Industry 5.0 and AI manufacturing trends."
gpt-4.1,Pages 4–6,3,Scope,Audience,5,"Objectives are somewhat implicit within sections without a dedicated statement; audience targeting is clear, and the topic is highly relevant to current Industry 5.0 and AI manufacturing trends."
gpt-4.1,Pages 4–6,3,Literature,Comprehensiveness,4,"The literature is comprehensive with many citations that are recent and relevant; however, minor gaps exist in some coverage details; the text presents strengths and weaknesses and includes multiple perspectives thus balanced; currency is good with recent references."
gpt-4.1,Pages 4–6,3,Literature,Balance,5,"The literature is comprehensive with many citations that are recent and relevant; however, minor gaps exist in some coverage details; the text presents strengths and weaknesses and includes multiple perspectives thus balanced; currency is good with recent references."
gpt-4.1,Pages 4–6,3,Literature,Currency,5,"The literature is comprehensive with many citations that are recent and relevant; however, minor gaps exist in some coverage details; the text presents strengths and weaknesses and includes multiple perspectives thus balanced; currency is good with recent references."
gpt-4.1,Pages 4–6,3,Analysis,Depth,5,"The analysis provides layered insights and theoretical/application connections, with good integration across multiple topics; research gaps are identified but sometimes only at a surface level."
gpt-4.1,Pages 4–6,3,Analysis,Integration,5,"The analysis provides layered insights and theoretical/application connections, with good integration across multiple topics; research gaps are identified but sometimes only at a surface level."
gpt-4.1,Pages 4–6,3,Analysis,Gaps,4,"The analysis provides layered insights and theoretical/application connections, with good integration across multiple topics; research gaps are identified but sometimes only at a surface level."
gpt-4.1,Pages 4–6,3,Originality,Novelty,4,The survey combines existing concepts in a novel synthesis aligned with emerging Industry 5.0 human-centric approaches; advancement is moderate; survey is reasonably distinct though some aspects overlap with prior works.
gpt-4.1,Pages 4–6,3,Originality,Advancement,4,The survey combines existing concepts in a novel synthesis aligned with emerging Industry 5.0 human-centric approaches; advancement is moderate; survey is reasonably distinct though some aspects overlap with prior works.
gpt-4.1,Pages 4–6,3,Originality,Redundancy Avoidance,4,The survey combines existing concepts in a novel synthesis aligned with emerging Industry 5.0 human-centric approaches; advancement is moderate; survey is reasonably distinct though some aspects overlap with prior works.
gpt-4.1,Pages 4–6,3,Organization,Logical Flow,4,"The paper is mostly well structured with logical flow, clear section headings, but some sections are dense and could be more concisely summarized."
gpt-4.1,Pages 4–6,3,Organization,Section Clarity,4,"The paper is mostly well structured with logical flow, clear section headings, but some sections are dense and could be more concisely summarized."
gpt-4.1,Pages 4–6,3,Organization,Summarization,3,"The paper is mostly well structured with logical flow, clear section headings, but some sections are dense and could be more concisely summarized."
gpt-4.1,Pages 4–6,3,Presentation,Language,5,"Language is professional and clear overall, visuals are good but limited to one table and may benefit from additional figures; formatting is clean with minor issues."
gpt-4.1,Pages 4–6,3,Presentation,Visuals,4,"Language is professional and clear overall, visuals are good but limited to one table and may benefit from additional figures; formatting is clean with minor issues."
gpt-4.1,Pages 4–6,3,Presentation,Formatting,4,"Language is professional and clear overall, visuals are good but limited to one table and may benefit from additional figures; formatting is clean with minor issues."
gpt-4.1,Pages 4–6,3,References,Accuracy,4,References appear appropriate and mostly accurate; a few minor citation linking or formatting issues might exist.
gpt-4.1,Pages 4–6,3,References,Appropriateness,5,References appear appropriate and mostly accurate; a few minor citation linking or formatting issues might exist.
gemini-2.5,Pages 4–6,3,Scope,Objectives,4,"Objectives are clearly stated in sections but not explicitly summarized in abstract or introduction within the provided pages, and some goals could be more precisely scoped."
gemini-2.5,Pages 4–6,3,Scope,Relevance,5,"Objectives are clearly stated in sections but not explicitly summarized in abstract or introduction within the provided pages, and some goals could be more precisely scoped."
gemini-2.5,Pages 4–6,3,Scope,Audience,5,"Objectives are clearly stated in sections but not explicitly summarized in abstract or introduction within the provided pages, and some goals could be more precisely scoped."
gemini-2.5,Pages 4–6,3,Literature,Comprehensiveness,4,"The literature cited is extensive and current with multiple references, but some sections cite placeholder or incomplete references indicating minor gaps or missing context; discussion is balanced but with slight favor towards established methods."
gemini-2.5,Pages 4–6,3,Literature,Balance,4,"The literature cited is extensive and current with multiple references, but some sections cite placeholder or incomplete references indicating minor gaps or missing context; discussion is balanced but with slight favor towards established methods."
gemini-2.5,Pages 4–6,3,Literature,Currency,4,"The literature cited is extensive and current with multiple references, but some sections cite placeholder or incomplete references indicating minor gaps or missing context; discussion is balanced but with slight favor towards established methods."
gemini-2.5,Pages 4–6,3,Analysis,Depth,4,"The analysis is solid and interprets key technological nuances well, integrating methods across AI and industrial domains; however some gap identifications are general and could be more detailed."
gemini-2.5,Pages 4–6,3,Analysis,Integration,4,"The analysis is solid and interprets key technological nuances well, integrating methods across AI and industrial domains; however some gap identifications are general and could be more detailed."
gemini-2.5,Pages 4–6,3,Analysis,Gaps,4,"The analysis is solid and interprets key technological nuances well, integrating methods across AI and industrial domains; however some gap identifications are general and could be more detailed."
gemini-2.5,Pages 4–6,3,Originality,Novelty,4,"The survey combines known ideas in a novel interdisciplinary way addressing Industry 5.0 human-centric aspects alongside technical AI methods; however, it mainly extends rather than fundamentally redefines existing survey work."
gemini-2.5,Pages 4–6,3,Originality,Advancement,4,"The survey combines known ideas in a novel interdisciplinary way addressing Industry 5.0 human-centric aspects alongside technical AI methods; however, it mainly extends rather than fundamentally redefines existing survey work."
gemini-2.5,Pages 4–6,3,Originality,Redundancy Avoidance,4,"The survey combines known ideas in a novel interdisciplinary way addressing Industry 5.0 human-centric aspects alongside technical AI methods; however, it mainly extends rather than fundamentally redefines existing survey work."
gemini-2.5,Pages 4–6,3,Organization,Logical Flow,4,The paper is mostly well structured with logical section progression but some transitions between technical and organizational topics are abrupt; summaries and synthesis are present but could be more consistent and prominent.
gemini-2.5,Pages 4–6,3,Organization,Section Clarity,4,The paper is mostly well structured with logical section progression but some transitions between technical and organizational topics are abrupt; summaries and synthesis are present but could be more consistent and prominent.
gemini-2.5,Pages 4–6,3,Organization,Summarization,3,The paper is mostly well structured with logical section progression but some transitions between technical and organizational topics are abrupt; summaries and synthesis are present but could be more consistent and prominent.
gemini-2.5,Pages 4–6,3,Presentation,Language,4,Language is professional but occasional awkward phrasing or minor grammar issues arise; visuals such as tables aid understanding though some figures referenced are missing; formatting is clean with minor inconsistencies.
gemini-2.5,Pages 4–6,3,Presentation,Visuals,4,Language is professional but occasional awkward phrasing or minor grammar issues arise; visuals such as tables aid understanding though some figures referenced are missing; formatting is clean with minor inconsistencies.
gemini-2.5,Pages 4–6,3,Presentation,Formatting,4,Language is professional but occasional awkward phrasing or minor grammar issues arise; visuals such as tables aid understanding though some figures referenced are missing; formatting is clean with minor inconsistencies.
gemini-2.5,Pages 4–6,3,References,Accuracy,3,"Most references are appropriate and relevant but a few citations appear incomplete or with placeholders, impacting traceability and accuracy."
gemini-2.5,Pages 4–6,3,References,Appropriateness,4,"Most references are appropriate and relevant but a few citations appear incomplete or with placeholders, impacting traceability and accuracy."
claude-3.7,Pages 4–6,3,Scope,Objectives,3,Objectives are somewhat implicit and scattered across sections without a clearly stated set of measurable goals; relevance is strong due to the focus on Industry 5.0 and AI-enabled manufacturing; audience is generally clear for academics and interdisciplinary readers but not explicitly stated.
claude-3.7,Pages 4–6,3,Scope,Relevance,5,Objectives are somewhat implicit and scattered across sections without a clearly stated set of measurable goals; relevance is strong due to the focus on Industry 5.0 and AI-enabled manufacturing; audience is generally clear for academics and interdisciplinary readers but not explicitly stated.
claude-3.7,Pages 4–6,3,Scope,Audience,4,Objectives are somewhat implicit and scattered across sections without a clearly stated set of measurable goals; relevance is strong due to the focus on Industry 5.0 and AI-enabled manufacturing; audience is generally clear for academics and interdisciplinary readers but not explicitly stated.
claude-3.7,Pages 4–6,3,Literature,Comprehensiveness,4,"The literature is fairly comprehensive with a substantial number of citations covering multiple subfields; some minor imbalance as a few topics are more emphasized; references are mostly recent, but some foundational older citations are included to contextualize content."
claude-3.7,Pages 4–6,3,Literature,Balance,4,"The literature is fairly comprehensive with a substantial number of citations covering multiple subfields; some minor imbalance as a few topics are more emphasized; references are mostly recent, but some foundational older citations are included to contextualize content."
claude-3.7,Pages 4–6,3,Literature,Currency,4,"The literature is fairly comprehensive with a substantial number of citations covering multiple subfields; some minor imbalance as a few topics are more emphasized; references are mostly recent, but some foundational older citations are included to contextualize content."
claude-3.7,Pages 4–6,3,Analysis,Depth,4,The analysis provides sound interpretations and application insights but occasionally remains descriptive rather than critically analytic; integration of viewpoints and disciplines is good with some minor compartmentalization; research gaps are identified though sometimes only superficially.
claude-3.7,Pages 4–6,3,Analysis,Integration,4,The analysis provides sound interpretations and application insights but occasionally remains descriptive rather than critically analytic; integration of viewpoints and disciplines is good with some minor compartmentalization; research gaps are identified though sometimes only superficially.
claude-3.7,Pages 4–6,3,Analysis,Gaps,4,The analysis provides sound interpretations and application insights but occasionally remains descriptive rather than critically analytic; integration of viewpoints and disciplines is good with some minor compartmentalization; research gaps are identified though sometimes only superficially.
claude-3.7,Pages 4–6,3,Originality,Novelty,4,The paper primarily synthesizes existing knowledge and frameworks rather than introducing novel taxonomies or frameworks; it moderately advances understanding by combining insights from diverse areas; overlaps with prior surveys exist but the human-centric Industry 5.0 focus adds some uniqueness.
claude-3.7,Pages 4–6,3,Originality,Advancement,4,The paper primarily synthesizes existing knowledge and frameworks rather than introducing novel taxonomies or frameworks; it moderately advances understanding by combining insights from diverse areas; overlaps with prior surveys exist but the human-centric Industry 5.0 focus adds some uniqueness.
claude-3.7,Pages 4–6,3,Originality,Redundancy Avoidance,4,The paper primarily synthesizes existing knowledge and frameworks rather than introducing novel taxonomies or frameworks; it moderately advances understanding by combining insights from diverse areas; overlaps with prior surveys exist but the human-centric Industry 5.0 focus adds some uniqueness.
claude-3.7,Pages 4–6,3,Organization,Logical Flow,4,The logical flow is mostly well structured with clear subsection transitions; some sections are lengthy and could benefit from more concise headings; tables and summaries provide good reinforcement though more synthesis might be beneficial.
claude-3.7,Pages 4–6,3,Organization,Section Clarity,4,The logical flow is mostly well structured with clear subsection transitions; some sections are lengthy and could benefit from more concise headings; tables and summaries provide good reinforcement though more synthesis might be beneficial.
claude-3.7,Pages 4–6,3,Organization,Summarization,4,The logical flow is mostly well structured with clear subsection transitions; some sections are lengthy and could benefit from more concise headings; tables and summaries provide good reinforcement though more synthesis might be beneficial.
claude-3.7,Pages 4–6,3,Presentation,Language,4,The language is professional and academic with minor awkward phrasing; visuals such as tables are good but limited in number; formatting is consistent and clean overall.
claude-3.7,Pages 4–6,3,Presentation,Visuals,4,The language is professional and academic with minor awkward phrasing; visuals such as tables are good but limited in number; formatting is consistent and clean overall.
claude-3.7,Pages 4–6,3,Presentation,Formatting,5,The language is professional and academic with minor awkward phrasing; visuals such as tables are good but limited in number; formatting is consistent and clean overall.
claude-3.7,Pages 4–6,3,References,Accuracy,4,References appear accurate and relevant with balanced inclusion of foundational and recent work; minor formatting inconsistencies but not impactful.
claude-3.7,Pages 4–6,3,References,Appropriateness,5,References appear accurate and relevant with balanced inclusion of foundational and recent work; minor formatting inconsistencies but not impactful.
gpt-4.1,Pages 7–9,6,Scope,Objectives,4,
gpt-4.1,Pages 7–9,6,Scope,Relevance,5,
gpt-4.1,Pages 7–9,6,Scope,Audience,5,
gpt-4.1,Pages 7–9,6,Literature,Comprehensiveness,4,"Some citations have incomplete reference information or questionable placeholders (e.g., [6?]); this affects full currency and accuracy."
gpt-4.1,Pages 7–9,6,Literature,Balance,4,"Some citations have incomplete reference information or questionable placeholders (e.g., [6?]); this affects full currency and accuracy."
gpt-4.1,Pages 7–9,6,Literature,Currency,4,"Some citations have incomplete reference information or questionable placeholders (e.g., [6?]); this affects full currency and accuracy."
gpt-4.1,Pages 7–9,6,Analysis,Depth,4,The paper gives good layered analysis but sometimes remains on descriptive level without deeper theoretical synthesis. Integration is solid but could connect some ideas more fluidly. Gaps and future directions are clearly stated.
gpt-4.1,Pages 7–9,6,Analysis,Integration,4,The paper gives good layered analysis but sometimes remains on descriptive level without deeper theoretical synthesis. Integration is solid but could connect some ideas more fluidly. Gaps and future directions are clearly stated.
gpt-4.1,Pages 7–9,6,Analysis,Gaps,5,The paper gives good layered analysis but sometimes remains on descriptive level without deeper theoretical synthesis. Integration is solid but could connect some ideas more fluidly. Gaps and future directions are clearly stated.
gpt-4.1,Pages 7–9,6,Originality,Novelty,4,The survey does not introduce a completely new framework but combines known perspectives in an insightful way. It advances understanding moderately and is mostly distinct from prior work.
gpt-4.1,Pages 7–9,6,Originality,Advancement,4,The survey does not introduce a completely new framework but combines known perspectives in an insightful way. It advances understanding moderately and is mostly distinct from prior work.
gpt-4.1,Pages 7–9,6,Originality,Redundancy Avoidance,4,The survey does not introduce a completely new framework but combines known perspectives in an insightful way. It advances understanding moderately and is mostly distinct from prior work.
gpt-4.1,Pages 7–9,6,Organization,Logical Flow,4,"The paper is mostly well structured with clear headings, except some occasional lengthy sections. Summarization is good with a summary table effectively used."
gpt-4.1,Pages 7–9,6,Organization,Section Clarity,4,"The paper is mostly well structured with clear headings, except some occasional lengthy sections. Summarization is good with a summary table effectively used."
gpt-4.1,Pages 7–9,6,Organization,Summarization,5,"The paper is mostly well structured with clear headings, except some occasional lengthy sections. Summarization is good with a summary table effectively used."
gpt-4.1,Pages 7–9,6,Presentation,Language,4,"The language is professional and clear with minor awkward phrasing. Visuals are limited to one table, which is effective but visuals overall could be richer. Formatting is consistent and clean."
gpt-4.1,Pages 7–9,6,Presentation,Visuals,4,"The language is professional and clear with minor awkward phrasing. Visuals are limited to one table, which is effective but visuals overall could be richer. Formatting is consistent and clean."
gpt-4.1,Pages 7–9,6,Presentation,Formatting,5,"The language is professional and clear with minor awkward phrasing. Visuals are limited to one table, which is effective but visuals overall could be richer. Formatting is consistent and clean."
gpt-4.1,Pages 7–9,6,References,Accuracy,4,"Reference formatting generally good, but some citations appear incomplete or contain placeholders, affecting traceability. Overall references are appropriate and relevant."
gpt-4.1,Pages 7–9,6,References,Appropriateness,5,"Reference formatting generally good, but some citations appear incomplete or contain placeholders, affecting traceability. Overall references are appropriate and relevant."
gemini-2.5,Pages 7–9,6,Scope,Objectives,4,"Objectives are mentioned and focused on ethical, social, technological and organizational aspects of AI in Industry 5.0 but explicit measurable goals are not always clear; relevance is high due to focus on sustainable AI in manufacturing; audience is mainly academic and interdisciplinary but section tone sometimes dense."
gemini-2.5,Pages 7–9,6,Scope,Relevance,5,"Objectives are mentioned and focused on ethical, social, technological and organizational aspects of AI in Industry 5.0 but explicit measurable goals are not always clear; relevance is high due to focus on sustainable AI in manufacturing; audience is mainly academic and interdisciplinary but section tone sometimes dense."
gemini-2.5,Pages 7–9,6,Scope,Audience,4,"Objectives are mentioned and focused on ethical, social, technological and organizational aspects of AI in Industry 5.0 but explicit measurable goals are not always clear; relevance is high due to focus on sustainable AI in manufacturing; audience is mainly academic and interdisciplinary but section tone sometimes dense."
gemini-2.5,Pages 7–9,6,Literature,Comprehensiveness,4,"Literature covers wide areas with many citations and recent work, though some references appear incomplete or unclear; balanced discussion with ethical concerns and technical challenges; currency is mostly good but some citations unclear or marked as placeholders."
gemini-2.5,Pages 7–9,6,Literature,Balance,4,"Literature covers wide areas with many citations and recent work, though some references appear incomplete or unclear; balanced discussion with ethical concerns and technical challenges; currency is mostly good but some citations unclear or marked as placeholders."
gemini-2.5,Pages 7–9,6,Literature,Currency,4,"Literature covers wide areas with many citations and recent work, though some references appear incomplete or unclear; balanced discussion with ethical concerns and technical challenges; currency is mostly good but some citations unclear or marked as placeholders."
gemini-2.5,Pages 7–9,6,Analysis,Depth,4,"Depth is moderate with solid thematic coverage but mainly descriptive; integration across ethics, technology and organizational domains is fairly good though somewhat siloed; gaps and future directions are identified but could be elaborated with more specifics."
gemini-2.5,Pages 7–9,6,Analysis,Integration,4,"Depth is moderate with solid thematic coverage but mainly descriptive; integration across ethics, technology and organizational domains is fairly good though somewhat siloed; gaps and future directions are identified but could be elaborated with more specifics."
gemini-2.5,Pages 7–9,6,Analysis,Gaps,4,"Depth is moderate with solid thematic coverage but mainly descriptive; integration across ethics, technology and organizational domains is fairly good though somewhat siloed; gaps and future directions are identified but could be elaborated with more specifics."
gemini-2.5,Pages 7–9,6,Originality,Novelty,4,Survey mainly synthesizes known ideas in a relatively novel combination focusing on Industry 5.0 and ethics; advances understanding moderately; some overlap with prior surveys but adds focus on ethical frameworks and emerging technologies.
gemini-2.5,Pages 7–9,6,Originality,Advancement,4,Survey mainly synthesizes known ideas in a relatively novel combination focusing on Industry 5.0 and ethics; advances understanding moderately; some overlap with prior surveys but adds focus on ethical frameworks and emerging technologies.
gemini-2.5,Pages 7–9,6,Originality,Redundancy Avoidance,4,Survey mainly synthesizes known ideas in a relatively novel combination focusing on Industry 5.0 and ethics; advances understanding moderately; some overlap with prior surveys but adds focus on ethical frameworks and emerging technologies.
gemini-2.5,Pages 7–9,6,Organization,Logical Flow,4,"Logical flow is mostly clear with coherent progression through ethics, challenges, and future work; section clarity is good though some sections dense; summarization via a table is present but overall could use more visual or structured summaries."
gemini-2.5,Pages 7–9,6,Organization,Section Clarity,4,"Logical flow is mostly clear with coherent progression through ethics, challenges, and future work; section clarity is good though some sections dense; summarization via a table is present but overall could use more visual or structured summaries."
gemini-2.5,Pages 7–9,6,Organization,Summarization,4,"Logical flow is mostly clear with coherent progression through ethics, challenges, and future work; section clarity is good though some sections dense; summarization via a table is present but overall could use more visual or structured summaries."
gemini-2.5,Pages 7–9,6,Presentation,Language,4,Language is professional and academic with minor awkwardness; visuals limited to one summary table which supports ethics discussion but more figures could improve presentation; formatting is clean and consistent.
gemini-2.5,Pages 7–9,6,Presentation,Visuals,4,Language is professional and academic with minor awkwardness; visuals limited to one summary table which supports ethics discussion but more figures could improve presentation; formatting is clean and consistent.
gemini-2.5,Pages 7–9,6,Presentation,Formatting,5,Language is professional and academic with minor awkwardness; visuals limited to one summary table which supports ethics discussion but more figures could improve presentation; formatting is clean and consistent.
gemini-2.5,Pages 7–9,6,References,Accuracy,4,"Most references appear appropriate and relevant; some citation formatting issues noted (e.g., missing reference numbers or placeholders) which reduce accuracy."
gemini-2.5,Pages 7–9,6,References,Appropriateness,5,"Most references appear appropriate and relevant; some citation formatting issues noted (e.g., missing reference numbers or placeholders) which reduce accuracy."
claude-3.7,Pages 7–9,6,Scope,Objectives,3,Objectives are somewhat implicit in this chunk rather than clearly stated; audience is appropriate but could be more explicitly targeted.
claude-3.7,Pages 7–9,6,Scope,Relevance,5,Objectives are somewhat implicit in this chunk rather than clearly stated; audience is appropriate but could be more explicitly targeted.
claude-3.7,Pages 7–9,6,Scope,Audience,4,Objectives are somewhat implicit in this chunk rather than clearly stated; audience is appropriate but could be more explicitly targeted.
claude-3.7,Pages 7–9,6,Literature,Comprehensiveness,4,Good breadth and some currency but presence of references with question marks indicates some missing citation details; treatment is balanced with some presentation of opposing views.
claude-3.7,Pages 7–9,6,Literature,Balance,4,Good breadth and some currency but presence of references with question marks indicates some missing citation details; treatment is balanced with some presentation of opposing views.
claude-3.7,Pages 7–9,6,Literature,Currency,4,Good breadth and some currency but presence of references with question marks indicates some missing citation details; treatment is balanced with some presentation of opposing views.
claude-3.7,Pages 7–9,6,Analysis,Depth,4,Analysis is solid and integrates multiple perspectives but could deepen critique; gaps and future challenges are clearly identified.
claude-3.7,Pages 7–9,6,Analysis,Integration,4,Analysis is solid and integrates multiple perspectives but could deepen critique; gaps and future challenges are clearly identified.
claude-3.7,Pages 7–9,6,Analysis,Gaps,5,Analysis is solid and integrates multiple perspectives but could deepen critique; gaps and future challenges are clearly identified.
claude-3.7,Pages 7–9,6,Originality,Novelty,4,"The survey combines known frameworks and emerging trends in a novel way, but does not introduce a brand new taxonomy or framework."
claude-3.7,Pages 7–9,6,Originality,Advancement,4,"The survey combines known frameworks and emerging trends in a novel way, but does not introduce a brand new taxonomy or framework."
claude-3.7,Pages 7–9,6,Originality,Redundancy Avoidance,4,"The survey combines known frameworks and emerging trends in a novel way, but does not introduce a brand new taxonomy or framework."
claude-3.7,Pages 7–9,6,Organization,Logical Flow,4,"Logical flow is mostly good, section headings are clear for the most part; there is good summarization with the inclusion of Table 2."
claude-3.7,Pages 7–9,6,Organization,Section Clarity,4,"Logical flow is mostly good, section headings are clear for the most part; there is good summarization with the inclusion of Table 2."
claude-3.7,Pages 7–9,6,Organization,Summarization,4,"Logical flow is mostly good, section headings are clear for the most part; there is good summarization with the inclusion of Table 2."
claude-3.7,Pages 7–9,6,Presentation,Language,4,Language is mostly clear and professional with minor awkwardness; visuals such as Table 2 add value but appear limited; formatting is consistent.
claude-3.7,Pages 7–9,6,Presentation,Visuals,4,Language is mostly clear and professional with minor awkwardness; visuals such as Table 2 add value but appear limited; formatting is consistent.
claude-3.7,Pages 7–9,6,Presentation,Formatting,5,Language is mostly clear and professional with minor awkwardness; visuals such as Table 2 add value but appear limited; formatting is consistent.
claude-3.7,Pages 7–9,6,References,Accuracy,3,Several citations have questionable marks indicating incomplete references and missing entries which lowers the accuracy rating; relevance is overall good.
claude-3.7,Pages 7–9,6,References,Appropriateness,4,Several citations have questionable marks indicating incomplete references and missing entries which lowers the accuracy rating; relevance is overall good.
gpt-4.1,Pages 10–12,9,Scope,Objectives,3,Objectives are mostly implied throughout the text but not explicitly stated at the beginning or introduction in this chunk. The topic aligns strongly with current AI and Industry 5.0 trends. Audience targeting is clear for academic and interdisciplinary readers.
gpt-4.1,Pages 10–12,9,Scope,Relevance,5,Objectives are mostly implied throughout the text but not explicitly stated at the beginning or introduction in this chunk. The topic aligns strongly with current AI and Industry 5.0 trends. Audience targeting is clear for academic and interdisciplinary readers.
gpt-4.1,Pages 10–12,9,Scope,Audience,5,Objectives are mostly implied throughout the text but not explicitly stated at the beginning or introduction in this chunk. The topic aligns strongly with current AI and Industry 5.0 trends. Audience targeting is clear for academic and interdisciplinary readers.
gpt-4.1,Pages 10–12,9,Literature,Comprehensiveness,5,"The section references a large number of works (32 references), covering different subfields and appears up-to-date. The treatment is generally balanced with discussion of strengths, challenges, and competing approaches. The currency is good though precise reference years are not visible here."
gpt-4.1,Pages 10–12,9,Literature,Balance,4,"The section references a large number of works (32 references), covering different subfields and appears up-to-date. The treatment is generally balanced with discussion of strengths, challenges, and competing approaches. The currency is good though precise reference years are not visible here."
gpt-4.1,Pages 10–12,9,Literature,Currency,4,"The section references a large number of works (32 references), covering different subfields and appears up-to-date. The treatment is generally balanced with discussion of strengths, challenges, and competing approaches. The currency is good though precise reference years are not visible here."
gpt-4.1,Pages 10–12,9,Analysis,Depth,4,"The analysis goes beyond descriptive summaries, discussing implications, challenges, and future directions. There is good integration of technological, organizational, and ethical dimensions, though some parts feel more descriptive than deeply critical. Gaps and future research are mentioned clearly."
gpt-4.1,Pages 10–12,9,Analysis,Integration,4,"The analysis goes beyond descriptive summaries, discussing implications, challenges, and future directions. There is good integration of technological, organizational, and ethical dimensions, though some parts feel more descriptive than deeply critical. Gaps and future research are mentioned clearly."
gpt-4.1,Pages 10–12,9,Analysis,Gaps,5,"The analysis goes beyond descriptive summaries, discussing implications, challenges, and future directions. There is good integration of technological, organizational, and ethical dimensions, though some parts feel more descriptive than deeply critical. Gaps and future research are mentioned clearly."
gpt-4.1,Pages 10–12,9,Originality,Novelty,4,"The survey combines several known ideas but offers a novel human-centric Industry 5.0 framing blending generative AI, CPS, and governance aspects. It advances understanding moderately by guiding future directions. There is some overlap with prior literature reviews on AI in manufacturing but with unique emphases here."
gpt-4.1,Pages 10–12,9,Originality,Advancement,4,"The survey combines several known ideas but offers a novel human-centric Industry 5.0 framing blending generative AI, CPS, and governance aspects. It advances understanding moderately by guiding future directions. There is some overlap with prior literature reviews on AI in manufacturing but with unique emphases here."
gpt-4.1,Pages 10–12,9,Originality,Redundancy Avoidance,4,"The survey combines several known ideas but offers a novel human-centric Industry 5.0 framing blending generative AI, CPS, and governance aspects. It advances understanding moderately by guiding future directions. There is some overlap with prior literature reviews on AI in manufacturing but with unique emphases here."
gpt-4.1,Pages 10–12,9,Organization,Logical Flow,4,"The section is mostly well organized, with logical progression from technological specifics to multidisciplinarity and synthesis. Sections and subsections are mostly clear and well labeled. Summaries and synthesis are provided but could benefit from more tables or figures."
gpt-4.1,Pages 10–12,9,Organization,Section Clarity,4,"The section is mostly well organized, with logical progression from technological specifics to multidisciplinarity and synthesis. Sections and subsections are mostly clear and well labeled. Summaries and synthesis are provided but could benefit from more tables or figures."
gpt-4.1,Pages 10–12,9,Organization,Summarization,4,"The section is mostly well organized, with logical progression from technological specifics to multidisciplinarity and synthesis. Sections and subsections are mostly clear and well labeled. Summaries and synthesis are provided but could benefit from more tables or figures."
gpt-4.1,Pages 10–12,9,Presentation,Language,5,"The text is professionally written with academic tone and clarity. No visuals are present in this section, so visuals score is low. Formatting is consistent and clean."
gpt-4.1,Pages 10–12,9,Presentation,Visuals,1,"The text is professionally written with academic tone and clarity. No visuals are present in this section, so visuals score is low. Formatting is consistent and clean."
gpt-4.1,Pages 10–12,9,Presentation,Formatting,5,"The text is professionally written with academic tone and clarity. No visuals are present in this section, so visuals score is low. Formatting is consistent and clean."
gpt-4.1,Pages 10–12,9,References,Accuracy,4,"References appear appropriate, relevant, and spanning foundational to current works. Without detailed reference content it's assumed formatting is accurate but minor issues cannot be ruled out."
gpt-4.1,Pages 10–12,9,References,Appropriateness,5,"References appear appropriate, relevant, and spanning foundational to current works. Without detailed reference content it's assumed formatting is accurate but minor issues cannot be ruled out."
gemini-2.5,Pages 10–12,9,Scope,Objectives,4,"Objectives are clearly stated within the section although not visible in the abstract or introduction in this segment, the goals are generally scoped and measurable within the Industry 5.0 context. The audience is mostly academic and interdisciplinary, appropriate for the topic. The topic is highly relevant to current high-impact trends in AI and manufacturing."
gemini-2.5,Pages 10–12,9,Scope,Relevance,5,"Objectives are clearly stated within the section although not visible in the abstract or introduction in this segment, the goals are generally scoped and measurable within the Industry 5.0 context. The audience is mostly academic and interdisciplinary, appropriate for the topic. The topic is highly relevant to current high-impact trends in AI and manufacturing."
gemini-2.5,Pages 10–12,9,Scope,Audience,5,"Objectives are clearly stated within the section although not visible in the abstract or introduction in this segment, the goals are generally scoped and measurable within the Industry 5.0 context. The audience is mostly academic and interdisciplinary, appropriate for the topic. The topic is highly relevant to current high-impact trends in AI and manufacturing."
gemini-2.5,Pages 10–12,9,Literature,Comprehensiveness,4,"The literature coverage is good, with a large number of citations (>30) showing a broad survey scope, although the reference details are placeholder text here. The discussion about competing perspectives is present but relatively limited, showing minor bias. Most of the references appear up to date, though some dates are unclear from this extract."
gemini-2.5,Pages 10–12,9,Literature,Balance,4,"The literature coverage is good, with a large number of citations (>30) showing a broad survey scope, although the reference details are placeholder text here. The discussion about competing perspectives is present but relatively limited, showing minor bias. Most of the references appear up to date, though some dates are unclear from this extract."
gemini-2.5,Pages 10–12,9,Literature,Currency,4,"The literature coverage is good, with a large number of citations (>30) showing a broad survey scope, although the reference details are placeholder text here. The discussion about competing perspectives is present but relatively limited, showing minor bias. Most of the references appear up to date, though some dates are unclear from this extract."
gemini-2.5,Pages 10–12,9,Analysis,Depth,4,"The analysis includes insightful connections across AI technologies, manufacturing, governance, and sustainability, but the depth slightly lacks rigorous theoretical critique, being more descriptive and synthetic. Integration of multiple viewpoints and disciplines is good but could be tighter. Research gaps and challenges are identified clearly and discussed in detail."
gemini-2.5,Pages 10–12,9,Analysis,Integration,4,"The analysis includes insightful connections across AI technologies, manufacturing, governance, and sustainability, but the depth slightly lacks rigorous theoretical critique, being more descriptive and synthetic. Integration of multiple viewpoints and disciplines is good but could be tighter. Research gaps and challenges are identified clearly and discussed in detail."
gemini-2.5,Pages 10–12,9,Analysis,Gaps,5,"The analysis includes insightful connections across AI technologies, manufacturing, governance, and sustainability, but the depth slightly lacks rigorous theoretical critique, being more descriptive and synthetic. Integration of multiple viewpoints and disciplines is good but could be tighter. Research gaps and challenges are identified clearly and discussed in detail."
gemini-2.5,Pages 10–12,9,Originality,Novelty,4,"The survey combines known ideas in a novel way with moderate advancement in understanding the integration of AI in Industry 5.0 and sustainability. It is somewhat distinctive regarding the combination of generative AI, CPS, and ethical governance, though it shares common ground with prior surveys."
gemini-2.5,Pages 10–12,9,Originality,Advancement,4,"The survey combines known ideas in a novel way with moderate advancement in understanding the integration of AI in Industry 5.0 and sustainability. It is somewhat distinctive regarding the combination of generative AI, CPS, and ethical governance, though it shares common ground with prior surveys."
gemini-2.5,Pages 10–12,9,Originality,Redundancy Avoidance,4,"The survey combines known ideas in a novel way with moderate advancement in understanding the integration of AI in Industry 5.0 and sustainability. It is somewhat distinctive regarding the combination of generative AI, CPS, and ethical governance, though it shares common ground with prior surveys."
gemini-2.5,Pages 10–12,9,Organization,Logical Flow,4,The logical flow is mostly well maintained with good section transitions. Section clarity is mostly good but some section headings are missing or merged in the text. Summarization is present with good synthesis but tables or figures seem missing in this extracted section.
gemini-2.5,Pages 10–12,9,Organization,Section Clarity,4,The logical flow is mostly well maintained with good section transitions. Section clarity is mostly good but some section headings are missing or merged in the text. Summarization is present with good synthesis but tables or figures seem missing in this extracted section.
gemini-2.5,Pages 10–12,9,Organization,Summarization,4,The logical flow is mostly well maintained with good section transitions. Section clarity is mostly good but some section headings are missing or merged in the text. Summarization is present with good synthesis but tables or figures seem missing in this extracted section.
gemini-2.5,Pages 10–12,9,Presentation,Language,4,"Language is mostly professional and academic with only minor awkwardness. There appear to be no visuals in the given pages, which is a limitation. Formatting is generally clean with some minor inconsistencies in citation placeholders."
gemini-2.5,Pages 10–12,9,Presentation,Visuals,2,"Language is mostly professional and academic with only minor awkwardness. There appear to be no visuals in the given pages, which is a limitation. Formatting is generally clean with some minor inconsistencies in citation placeholders."
gemini-2.5,Pages 10–12,9,Presentation,Formatting,4,"Language is mostly professional and academic with only minor awkwardness. There appear to be no visuals in the given pages, which is a limitation. Formatting is generally clean with some minor inconsistencies in citation placeholders."
gemini-2.5,Pages 10–12,9,References,Accuracy,4,"Due to placeholder citation details, the accuracy cannot be fully judged but is likely minor errors rather than serious problems. References are highly relevant spanning foundational and current work, supporting key claims and themes in the survey."
gemini-2.5,Pages 10–12,9,References,Appropriateness,5,"Due to placeholder citation details, the accuracy cannot be fully judged but is likely minor errors rather than serious problems. References are highly relevant spanning foundational and current work, supporting key claims and themes in the survey."
claude-3.7,Pages 10–12,9,Scope,Objectives,4,"Objectives are clear but mainly found in later synthesis and conclusion sections rather than abstract or introduction in this chunk, so scored 4. Relevance is high given focus on Industry 5.0 AI integration. Audience targeting is generally clear for academic and interdisciplinary readers."
claude-3.7,Pages 10–12,9,Scope,Relevance,5,"Objectives are clear but mainly found in later synthesis and conclusion sections rather than abstract or introduction in this chunk, so scored 4. Relevance is high given focus on Industry 5.0 AI integration. Audience targeting is generally clear for academic and interdisciplinary readers."
claude-3.7,Pages 10–12,9,Scope,Audience,4,"Objectives are clear but mainly found in later synthesis and conclusion sections rather than abstract or introduction in this chunk, so scored 4. Relevance is high given focus on Industry 5.0 AI integration. Audience targeting is generally clear for academic and interdisciplinary readers."
claude-3.7,Pages 10–12,9,Literature,Comprehensiveness,5,"Literature coverage is thorough with 32 references mentioned, covering various AI subfields relevant to manufacturing. Balance is good particularly discussing both benefits and challenges of technologies like blockchain and digital twins. Currency cannot be perfectly assessed but references include recent AI methods and Industry 5.0 concepts, rated 4 due to some references that may not be very recent."
claude-3.7,Pages 10–12,9,Literature,Balance,4,"Literature coverage is thorough with 32 references mentioned, covering various AI subfields relevant to manufacturing. Balance is good particularly discussing both benefits and challenges of technologies like blockchain and digital twins. Currency cannot be perfectly assessed but references include recent AI methods and Industry 5.0 concepts, rated 4 due to some references that may not be very recent."
claude-3.7,Pages 10–12,9,Literature,Currency,4,"Literature coverage is thorough with 32 references mentioned, covering various AI subfields relevant to manufacturing. Balance is good particularly discussing both benefits and challenges of technologies like blockchain and digital twins. Currency cannot be perfectly assessed but references include recent AI methods and Industry 5.0 concepts, rated 4 due to some references that may not be very recent."
claude-3.7,Pages 10–12,9,Analysis,Depth,4,"Depth is solid with technical details and application insights provided, though some synthesis could be stronger. Integration is good with multidisciplinary viewpoints on AI, governance, and sustainability well connected. Gaps are clearly identified and discussed in detail, especially for future research and challenges."
claude-3.7,Pages 10–12,9,Analysis,Integration,4,"Depth is solid with technical details and application insights provided, though some synthesis could be stronger. Integration is good with multidisciplinary viewpoints on AI, governance, and sustainability well connected. Gaps are clearly identified and discussed in detail, especially for future research and challenges."
claude-3.7,Pages 10–12,9,Analysis,Gaps,5,"Depth is solid with technical details and application insights provided, though some synthesis could be stronger. Integration is good with multidisciplinary viewpoints on AI, governance, and sustainability well connected. Gaps are clearly identified and discussed in detail, especially for future research and challenges."
claude-3.7,Pages 10–12,9,Originality,Novelty,4,"The survey combines existing ideas in a novel Industry 5.0 framework but does not clearly introduce a completely new taxonomy or framework, so scored 4 for novelty. Advancement is moderate with good discussion of future directions. Redundancy is low with a mostly unique perspective."
claude-3.7,Pages 10–12,9,Originality,Advancement,4,"The survey combines existing ideas in a novel Industry 5.0 framework but does not clearly introduce a completely new taxonomy or framework, so scored 4 for novelty. Advancement is moderate with good discussion of future directions. Redundancy is low with a mostly unique perspective."
claude-3.7,Pages 10–12,9,Originality,Redundancy Avoidance,5,"The survey combines existing ideas in a novel Industry 5.0 framework but does not clearly introduce a completely new taxonomy or framework, so scored 4 for novelty. Advancement is moderate with good discussion of future directions. Redundancy is low with a mostly unique perspective."
claude-3.7,Pages 10–12,9,Organization,Logical Flow,4,"Logical flow is good with clear progression from detailed AI techniques to synthesis and conclusions, minor improvements possible for transitions. Section clarity is mostly good but some sections are dense and could benefit from clearer subheadings. Summarization is mainly textual with limited use of tables or graphics noted."
claude-3.7,Pages 10–12,9,Organization,Section Clarity,4,"Logical flow is good with clear progression from detailed AI techniques to synthesis and conclusions, minor improvements possible for transitions. Section clarity is mostly good but some sections are dense and could benefit from clearer subheadings. Summarization is mainly textual with limited use of tables or graphics noted."
claude-3.7,Pages 10–12,9,Organization,Summarization,3,"Logical flow is good with clear progression from detailed AI techniques to synthesis and conclusions, minor improvements possible for transitions. Section clarity is mostly good but some sections are dense and could benefit from clearer subheadings. Summarization is mainly textual with limited use of tables or graphics noted."
claude-3.7,Pages 10–12,9,Presentation,Language,4,"Language is professional and academic with minor awkwardness. No visuals were included or referenced explicitly in this chunk, limiting scoring. Formatting is clean."
claude-3.7,Pages 10–12,9,Presentation,Visuals,1,"Language is professional and academic with minor awkwardness. No visuals were included or referenced explicitly in this chunk, limiting scoring. Formatting is clean."
claude-3.7,Pages 10–12,9,Presentation,Formatting,5,"Language is professional and academic with minor awkwardness. No visuals were included or referenced explicitly in this chunk, limiting scoring. Formatting is clean."
claude-3.7,Pages 10–12,9,References,Accuracy,3,"Reference placeholders are present but no actual detailed reference data visible in this chunk, limiting accuracy and appropriateness scoring. Assuming completeness due to volume and relevance in text."
claude-3.7,Pages 10–12,9,References,Appropriateness,4,"Reference placeholders are present but no actual detailed reference data visible in this chunk, limiting accuracy and appropriateness scoring. Assuming completeness due to volume and relevance in text."
gpt-4.1,Pages 13–13,12,Scope,Objectives,3,"Objectives are somewhat implicit and distributed; relevance to Industry 5.0 is clear, and the target audience is academic and interdisciplinary researchers."
gpt-4.1,Pages 13–13,12,Scope,Relevance,5,"Objectives are somewhat implicit and distributed; relevance to Industry 5.0 is clear, and the target audience is academic and interdisciplinary researchers."
gpt-4.1,Pages 13–13,12,Scope,Audience,5,"Objectives are somewhat implicit and distributed; relevance to Industry 5.0 is clear, and the target audience is academic and interdisciplinary researchers."
gpt-4.1,Pages 13–13,12,Literature,Comprehensiveness,4,"Coverage is broad with references to recent and foundational works, but some citations have formatting issues (e.g., '[ 6? ?]'). Balance is maintained by discussing strengths and challenges. Currency is mostly good though the exact years of citations are not visible in text fragment."
gpt-4.1,Pages 13–13,12,Literature,Balance,4,"Coverage is broad with references to recent and foundational works, but some citations have formatting issues (e.g., '[ 6? ?]'). Balance is maintained by discussing strengths and challenges. Currency is mostly good though the exact years of citations are not visible in text fragment."
gpt-4.1,Pages 13–13,12,Literature,Currency,4,"Coverage is broad with references to recent and foundational works, but some citations have formatting issues (e.g., '[ 6? ?]'). Balance is maintained by discussing strengths and challenges. Currency is mostly good though the exact years of citations are not visible in text fragment."
gpt-4.1,Pages 13–13,12,Analysis,Depth,4,The analysis section provides solid interpretation with integration of interdisciplinary AI approaches. Gaps and future directions are mentioned but sometimes at a high level without deep elaboration.
gpt-4.1,Pages 13–13,12,Analysis,Integration,4,The analysis section provides solid interpretation with integration of interdisciplinary AI approaches. Gaps and future directions are mentioned but sometimes at a high level without deep elaboration.
gpt-4.1,Pages 13–13,12,Analysis,Gaps,4,The analysis section provides solid interpretation with integration of interdisciplinary AI approaches. Gaps and future directions are mentioned but sometimes at a high level without deep elaboration.
gpt-4.1,Pages 13–13,12,Originality,Novelty,4,"The survey combines several known ideas in a novel framing around human-centric AI in Industry 5.0, though it does not introduce entirely new taxonomies or frameworks."
gpt-4.1,Pages 13–13,12,Originality,Advancement,4,"The survey combines several known ideas in a novel framing around human-centric AI in Industry 5.0, though it does not introduce entirely new taxonomies or frameworks."
gpt-4.1,Pages 13–13,12,Originality,Redundancy Avoidance,4,"The survey combines several known ideas in a novel framing around human-centric AI in Industry 5.0, though it does not introduce entirely new taxonomies or frameworks."
gpt-4.1,Pages 13–13,12,Organization,Logical Flow,4,"Logical flow is strong within the section with good transition among topics, but section clarity can be improved by clearer subheadings and summaries are present but limited."
gpt-4.1,Pages 13–13,12,Organization,Section Clarity,4,"Logical flow is strong within the section with good transition among topics, but section clarity can be improved by clearer subheadings and summaries are present but limited."
gpt-4.1,Pages 13–13,12,Organization,Summarization,3,"Logical flow is strong within the section with good transition among topics, but section clarity can be improved by clearer subheadings and summaries are present but limited."
gpt-4.1,Pages 13–13,12,Presentation,Language,4,Language is mostly professional and academic but some awkward phrasing exists. No visuals were included in this section. Formatting appears consistent.
gpt-4.1,Pages 13–13,12,Presentation,Visuals,1,Language is mostly professional and academic but some awkward phrasing exists. No visuals were included in this section. Formatting appears consistent.
gpt-4.1,Pages 13–13,12,Presentation,Formatting,5,Language is mostly professional and academic but some awkward phrasing exists. No visuals were included in this section. Formatting appears consistent.
gpt-4.1,Pages 13–13,12,References,Accuracy,3,"Some citation format and consistency issues noted (e.g., multiple question marks), but overall references are relevant and appropriate."
gpt-4.1,Pages 13–13,12,References,Appropriateness,5,"Some citation format and consistency issues noted (e.g., multiple question marks), but overall references are relevant and appropriate."
gemini-2.5,Pages 13–13,12,Scope,Objectives,2,"Objectives are implicit within the section but not explicitly stated or measurable in this excerpt, also audience is somewhat clear but relevance is highly aligned with current trends."
gemini-2.5,Pages 13–13,12,Scope,Relevance,5,"Objectives are implicit within the section but not explicitly stated or measurable in this excerpt, also audience is somewhat clear but relevance is highly aligned with current trends."
gemini-2.5,Pages 13–13,12,Scope,Audience,4,"Objectives are implicit within the section but not explicitly stated or measurable in this excerpt, also audience is somewhat clear but relevance is highly aligned with current trends."
gemini-2.5,Pages 13–13,12,Literature,Comprehensiveness,4,"Coverage appears good with a reasonably broad number of citations including recent topics; however, exact number of citations cannot be fully confirmed here. The balance is moderate with some bias toward positive aspects of AI in manufacturing. Currency is generally good, referencing recent work though with some inconsistent citation formatting."
gemini-2.5,Pages 13–13,12,Literature,Balance,4,"Coverage appears good with a reasonably broad number of citations including recent topics; however, exact number of citations cannot be fully confirmed here. The balance is moderate with some bias toward positive aspects of AI in manufacturing. Currency is generally good, referencing recent work though with some inconsistent citation formatting."
gemini-2.5,Pages 13–13,12,Literature,Currency,4,"Coverage appears good with a reasonably broad number of citations including recent topics; however, exact number of citations cannot be fully confirmed here. The balance is moderate with some bias toward positive aspects of AI in manufacturing. Currency is generally good, referencing recent work though with some inconsistent citation formatting."
gemini-2.5,Pages 13–13,12,Analysis,Depth,4,The section presents solid interpretation and synthesis of AI applications with moderate depth but lacks detailed theoretical or critical analysis; integration of multiple viewpoints is good but somewhat loosely connected at times. Gaps and future research directions are mentioned but sometimes vaguely.
gemini-2.5,Pages 13–13,12,Analysis,Integration,4,The section presents solid interpretation and synthesis of AI applications with moderate depth but lacks detailed theoretical or critical analysis; integration of multiple viewpoints is good but somewhat loosely connected at times. Gaps and future research directions are mentioned but sometimes vaguely.
gemini-2.5,Pages 13–13,12,Analysis,Gaps,4,The section presents solid interpretation and synthesis of AI applications with moderate depth but lacks detailed theoretical or critical analysis; integration of multiple viewpoints is good but somewhat loosely connected at times. Gaps and future research directions are mentioned but sometimes vaguely.
gemini-2.5,Pages 13–13,12,Originality,Novelty,4,The survey segment combines known ideas in novel ways to frame them within Industry 5.0 context but does not introduce a completely new taxonomy or framework. It moderately advances understanding with clear future directions and manages overlap reasonably well.
gemini-2.5,Pages 13–13,12,Originality,Advancement,4,The survey segment combines known ideas in novel ways to frame them within Industry 5.0 context but does not introduce a completely new taxonomy or framework. It moderately advances understanding with clear future directions and manages overlap reasonably well.
gemini-2.5,Pages 13–13,12,Originality,Redundancy Avoidance,4,The survey segment combines known ideas in novel ways to frame them within Industry 5.0 context but does not introduce a completely new taxonomy or framework. It moderately advances understanding with clear future directions and manages overlap reasonably well.
gemini-2.5,Pages 13–13,12,Organization,Logical Flow,4,Logical flow is mostly well organized though some paragraphs run long making section clarity medium. Summarization at the end helps reinforce takeaways but could be enhanced with more structured synthesis or visual aids.
gemini-2.5,Pages 13–13,12,Organization,Section Clarity,4,Logical flow is mostly well organized though some paragraphs run long making section clarity medium. Summarization at the end helps reinforce takeaways but could be enhanced with more structured synthesis or visual aids.
gemini-2.5,Pages 13–13,12,Organization,Summarization,4,Logical flow is mostly well organized though some paragraphs run long making section clarity medium. Summarization at the end helps reinforce takeaways but could be enhanced with more structured synthesis or visual aids.
gemini-2.5,Pages 13–13,12,Presentation,Language,4,"Language is professional and academic, though occasional awkwardness and minor typos in citation formatting appear. No visuals are present in this excerpt to support arguments and formatting is mostly clean but with minor spacing or citation format inconsistencies."
gemini-2.5,Pages 13–13,12,Presentation,Visuals,1,"Language is professional and academic, though occasional awkwardness and minor typos in citation formatting appear. No visuals are present in this excerpt to support arguments and formatting is mostly clean but with minor spacing or citation format inconsistencies."
gemini-2.5,Pages 13–13,12,Presentation,Formatting,4,"Language is professional and academic, though occasional awkwardness and minor typos in citation formatting appear. No visuals are present in this excerpt to support arguments and formatting is mostly clean but with minor spacing or citation format inconsistencies."
gemini-2.5,Pages 13–13,12,References,Accuracy,3,"Citation accuracy is affected by inconsistent numbering and formatting issues (e.g., '[ 6? ?]' and '[4?]'). Appropriateness is high with relevant, foundational, and current work cited."
gemini-2.5,Pages 13–13,12,References,Appropriateness,5,"Citation accuracy is affected by inconsistent numbering and formatting issues (e.g., '[ 6? ?]' and '[4?]'). Appropriateness is high with relevant, foundational, and current work cited."
claude-3.7,Pages 13–13,12,Scope,Objectives,3,Objectives are not explicitly restated in this section and are somewhat implicit; audience is appropriate but not explicitly clarified in this segment.
claude-3.7,Pages 13–13,12,Scope,Relevance,5,Objectives are not explicitly restated in this section and are somewhat implicit; audience is appropriate but not explicitly clarified in this segment.
claude-3.7,Pages 13–13,12,Scope,Audience,4,Objectives are not explicitly restated in this section and are somewhat implicit; audience is appropriate but not explicitly clarified in this segment.
claude-3.7,Pages 13–13,12,Literature,Comprehensiveness,4,"The section references a wide range of recent works, but the citation quality is inconsistent, some references appear with placeholders indicating incomplete information."
claude-3.7,Pages 13–13,12,Literature,Balance,4,"The section references a wide range of recent works, but the citation quality is inconsistent, some references appear with placeholders indicating incomplete information."
claude-3.7,Pages 13–13,12,Literature,Currency,4,"The section references a wide range of recent works, but the citation quality is inconsistent, some references appear with placeholders indicating incomplete information."
claude-3.7,Pages 13–13,12,Analysis,Depth,4,The analysis includes multiple perspectives and some insightful connections between AI methods and Industry 5.0 challenges; gaps are mentioned but sometimes superficially.
claude-3.7,Pages 13–13,12,Analysis,Integration,4,The analysis includes multiple perspectives and some insightful connections between AI methods and Industry 5.0 challenges; gaps are mentioned but sometimes superficially.
claude-3.7,Pages 13–13,12,Analysis,Gaps,4,The analysis includes multiple perspectives and some insightful connections between AI methods and Industry 5.0 challenges; gaps are mentioned but sometimes superficially.
claude-3.7,Pages 13–13,12,Originality,Novelty,4,The section synthesizes known ideas well but does not clearly present a novel taxonomy or framework unique to this survey.
claude-3.7,Pages 13–13,12,Originality,Advancement,4,The section synthesizes known ideas well but does not clearly present a novel taxonomy or framework unique to this survey.
claude-3.7,Pages 13–13,12,Originality,Redundancy Avoidance,4,The section synthesizes known ideas well but does not clearly present a novel taxonomy or framework unique to this survey.
claude-3.7,Pages 13–13,12,Organization,Logical Flow,4,"The flow is logical and well-structured for this single section; however, the lack of clear section headings detracts slightly from clarity; summarization within this section is limited."
claude-3.7,Pages 13–13,12,Organization,Section Clarity,3,"The flow is logical and well-structured for this single section; however, the lack of clear section headings detracts slightly from clarity; summarization within this section is limited."
claude-3.7,Pages 13–13,12,Organization,Summarization,3,"The flow is logical and well-structured for this single section; however, the lack of clear section headings detracts slightly from clarity; summarization within this section is limited."
claude-3.7,Pages 13–13,12,Presentation,Language,4,Language is professional though some sentences are dense; no visuals are present to aid understanding; formatting is generally clean.
claude-3.7,Pages 13–13,12,Presentation,Visuals,1,Language is professional though some sentences are dense; no visuals are present to aid understanding; formatting is generally clean.
claude-3.7,Pages 13–13,12,Presentation,Formatting,5,Language is professional though some sentences are dense; no visuals are present to aid understanding; formatting is generally clean.
claude-3.7,Pages 13–13,12,References,Accuracy,2,Several references contain placeholders or question marks indicating missing details; some references formatting is inconsistent and incomplete.
claude-3.7,Pages 13–13,12,References,Appropriateness,4,Several references contain placeholders or question marks indicating missing details; some references formatting is inconsistent and incomplete.
